{"GA": {"distances": [3714.4117767409207, 3312.7410284281214, 3312.7410284281214, 3312.7410284281214, 3077.775228272788, 3077.775228272788, 3077.775228272788, 3077.775228272788, 3077.775228272788, 3077.775228272788, 3077.775228272788, 3077.775228272788, 2970.9460186438273, 2970.9460186438273, 2970.9460186438273, 2970.9460186438273, 2970.9460186438273, 2970.9460186438273, 2970.9460186438273, 2970.9460186438273, 2970.9460186438273, 2970.9460186438273, 2970.9460186438273, 2970.9460186438273, 2970.9460186438273, 2970.9460186438273, 2970.9460186438273, 2970.9460186438273, 2970.9460186438273, 2970.9460186438273, 2930.573481404223, 2930.573481404223, 2930.573481404223, 2930.573481404223, 2930.573481404223, 2930.573481404223, 2930.573481404223, 2930.573481404223, 2930.573481404223, 2930.573481404223, 2930.573481404223, 2930.573481404223, 2930.573481404223, 2930.573481404223, 2930.573481404223, 2930.573481404223, 2930.573481404223, 2930.573481404223, 2930.573481404223, 2930.573481404223, 2930.573481404223, 2930.573481404223, 2930.573481404223, 2930.573481404223, 2930.573481404223, 2930.573481404223, 2930.573481404223, 2930.573481404223, 2930.573481404223, 2930.573481404223, 2930.573481404223, 2930.573481404223, 2930.573481404223, 2930.573481404223, 2930.573481404223, 4000.7688916532184, 4000.7688916532184, 3790.3558863811836, 3633.373053459014, 3633.373053459014, 3633.373053459014, 3633.373053459014, 3633.373053459014, 3633.373053459014, 3633.373053459014, 3633.373053459014, 3493.961693782552, 3054.441647743754, 3054.441647743754, 3054.441647743754, 3054.441647743754, 3054.441647743754, 3054.441647743754, 3054.441647743754, 3054.441647743754, 3054.441647743754, 3054.441647743754, 3054.441647743754], "times": [0.009969472885131836, 0.005995750427246094, 0.00696873664855957, 0.007951974868774414, 0.0069696903228759766, 0.007978439331054688, 0.005928516387939453, 0.005969047546386719, 0.0069713592529296875, 0.006999015808105469, 0.007969141006469727, 0.005970478057861328, 0.005999088287353516, 0.0070078372955322266, 0.005964994430541992, 0.0069997310638427734, 0.005892038345336914, 0.006981849670410156, 0.007006645202636719, 0.005998849868774414, 0.008999109268188477, 0.007882356643676758, 0.006976604461669922, 0.006023883819580078, 0.00599360466003418, 0.006979942321777344, 0.00599980354309082, 0.006000041961669922, 0.0060083866119384766, 0.028000354766845703, 0.022998809814453125, 0.06399917602539062, 0.0260007381439209, 0.008998632431030273, 0.02699875831604004, 0.02099895477294922, 0.02099895477294922, 0.009998083114624023, 0.006999492645263672, 0.00599980354309082, 0.006001949310302734, 0.0060002803802490234, 0.005999326705932617, 0.004999876022338867, 0.0060002803802490234, 0.00699925422668457, 0.007001161575317383, 0.0060002803802490234, 0.005999088287353516, 0.00599980354309082, 0.007967710494995117, 0.00696873664855957, 0.005998373031616211, 0.006000518798828125, 0.007000446319580078, 0.006967782974243164, 0.006969928741455078, 0.006999969482421875, 0.006749868392944336, 0.007001399993896484, 0.007002353668212891, 0.006999969482421875, 0.005999565124511719, 0.007004499435424805, 0.006968021392822266, 0.006793975830078125, 0.006999492645263672, 0.006980180740356445, 0.006994724273681641, 0.006999492645263672, 0.0060117244720458984, 0.006966829299926758, 0.006972074508666992, 0.005966901779174805, 0.005969524383544922, 0.0070002079010009766, 0.007002353668212891, 0.007001638412475586, 0.0070002079010009766, 0.0060002803802490234, 0.0060007572174072266, 0.006999492645263672, 0.006999492645263672, 0.005999088287353516, 0.006000041961669922, 0.007000446319580078, 0.0069997310638427734, 0.00600123405456543], "extra": [{"generation": 0}, {"generation": 1}, {"generation": 2}, {"generation": 3}, {"generation": 4}, {"generation": 5}, {"generation": 6}, {"generation": 7}, {"generation": 8}, {"generation": 9}, {"generation": 10}, {"generation": 11}, {"generation": 12}, {"generation": 13}, {"generation": 14}, {"generation": 15}, {"generation": 16}, {"generation": 17}, {"generation": 18}, {"generation": 19}, {"generation": 20}, {"generation": 21}, {"generation": 22}, {"generation": 23}, {"generation": 24}, {"generation": 25}, {"generation": 26}, {"generation": 27}, {"generation": 28}, {"generation": 29}, {"generation": 30}, {"generation": 31}, {"generation": 32}, {"generation": 33}, {"generation": 34}, {"generation": 35}, {"generation": 36}, {"generation": 37}, {"generation": 38}, {"generation": 39}, {"generation": 40}, {"generation": 41}, {"generation": 42}, {"generation": 43}, {"generation": 44}, {"generation": 45}, {"generation": 46}, {"generation": 47}, {"generation": 48}, {"generation": 49}, {"generation": 50}, {"generation": 51}, {"generation": 52}, {"generation": 53}, {"generation": 54}, {"generation": 55}, {"generation": 56}, {"generation": 57}, {"generation": 58}, {"generation": 59}, {"generation": 60}, {"generation": 61}, {"generation": 62}, {"generation": 63}, {"generation": 64}, {"generation": 0}, {"generation": 1}, {"generation": 2}, {"generation": 3}, {"generation": 4}, {"generation": 5}, {"generation": 6}, {"generation": 7}, {"generation": 8}, {"generation": 9}, {"generation": 10}, {"generation": 11}, {"generation": 12}, {"generation": 13}, {"generation": 14}, {"generation": 15}, {"generation": 16}, {"generation": 17}, {"generation": 18}, {"generation": 19}, {"generation": 20}, {"generation": 21}, {"generation": 22}]},