{"GA": {"distances": [27251.244380928216, 26058.207767792777], "times": [0.00499415397644043, 0.004998683929443359], "extra": [{"generation": 0}, {"generation": 1}]}, "ACO": {"distances": [], "times": [], "extra": []}, "Hybride": {"distances": [], "times": [], "extra": []}}